-- --------------------------------------------------------
-- Servidor:                     localhost
-- Versão do servidor:           5.7.24 - MySQL Community Server (GPL)
-- OS do Servidor:               Win64
-- HeidiSQL Versão:              10.2.0.5599
-- --------------------------------------------------------

/*!40101 SET @OLD_CHARACTER_SET_CLIENT=@@CHARACTER_SET_CLIENT */;
/*!40101 SET NAMES utf8 */;
/*!50503 SET NAMES utf8mb4 */;
/*!40014 SET @OLD_FOREIGN_KEY_CHECKS=@@FOREIGN_KEY_CHECKS, FOREIGN_KEY_CHECKS=0 */;
/*!40101 SET @OLD_SQL_MODE=@@SQL_MODE, SQL_MODE='NO_AUTO_VALUE_ON_ZERO' */;


-- Copiando estrutura do banco de dados para gestevento
CREATE DATABASE IF NOT EXISTS `gestevento` /*!40100 DEFAULT CHARACTER SET latin1 */;
USE `gestevento`;

-- Copiando estrutura para tabela gestevento.acompanhante
CREATE TABLE IF NOT EXISTS `acompanhante` (
  `id` int(10) unsigned NOT NULL AUTO_INCREMENT,
  `nome` varchar(191) COLLATE utf8mb4_unicode_ci NOT NULL,
  `id_convidado` int(10) unsigned NOT NULL,
  `created_at` timestamp NULL DEFAULT NULL,
  `updated_at` timestamp NULL DEFAULT NULL,
  PRIMARY KEY (`id`),
  KEY `acompanhante_id_convidado_foreign` (`id_convidado`),
  CONSTRAINT `acompanhante_id_convidado_foreign` FOREIGN KEY (`id_convidado`) REFERENCES `convidado` (`id`) ON DELETE CASCADE ON UPDATE CASCADE
) ENGINE=InnoDB AUTO_INCREMENT=53 DEFAULT CHARSET=utf8mb4 COLLATE=utf8mb4_unicode_ci;

-- Copiando dados para a tabela gestevento.acompanhante: ~49 rows (aproximadamente)
/*!40000 ALTER TABLE `acompanhante` DISABLE KEYS */;
INSERT INTO `acompanhante` (`id`, `nome`, `id_convidado`, `created_at`, `updated_at`) VALUES
	(1, 'Geovania Messias', 1, NULL, NULL),
	(2, 'Teresa Cassule', 7, NULL, NULL),
	(3, 'Makaya Sebastião', 30, NULL, NULL),
	(4, 'Kianguebeni Gabriel', 46, NULL, NULL),
	(5, 'Esposo', 32, NULL, NULL),
	(6, 'Madalena Afonso', 36, NULL, NULL),
	(7, 'Lúcia Gonga', 31, NULL, NULL),
	(8, 'CATARINA ARTUR', 38, NULL, NULL),
	(9, 'Isabel Lutumba', 42, NULL, NULL),
	(10, 'Helena Ginga', 39, NULL, NULL),
	(11, 'Francisca', 18, NULL, NULL),
	(12, 'Maria', 19, NULL, NULL),
	(13, 'Jonas Antônio', 20, NULL, NULL),
	(14, 'Olga', 47, NULL, NULL),
	(15, 'Isabel Lemos', 13, NULL, NULL),
	(16, 'Adelina Dias', 12, NULL, NULL),
	(17, 'Alexandre Pongo', 25, NULL, NULL),
	(18, 'Teresa Paulo', 26, NULL, NULL),
	(21, 'Esposo', 66, NULL, NULL),
	(22, 'Esposa', 67, NULL, NULL),
	(23, 'Esposa', 68, NULL, NULL),
	(24, 'Esposa', 69, NULL, NULL),
	(25, 'Esposa', 70, NULL, NULL),
	(26, 'Esposa', 71, NULL, NULL),
	(27, 'Esposo', 73, NULL, NULL),
	(28, 'Esposa', 74, NULL, NULL),
	(29, 'Esposa', 75, NULL, NULL),
	(30, 'Esposa', 84, NULL, NULL),
	(31, 'Esposa', 85, NULL, NULL),
	(32, 'Esposo', 86, NULL, NULL),
	(33, 'Esposo', 87, NULL, NULL),
	(34, 'Esposo', 88, NULL, NULL),
	(35, 'Esposa', 92, NULL, NULL),
	(36, 'Esposo', 93, NULL, NULL),
	(37, 'Esposa', 94, NULL, NULL),
	(38, 'Esposo', 96, NULL, NULL),
	(39, 'Esposo', 97, NULL, NULL),
	(40, 'Esposa', 101, NULL, NULL),
	(41, 'Esposa', 102, NULL, NULL),
	(42, 'Esposa', 103, NULL, NULL),
	(43, 'Esposa', 104, NULL, NULL),
	(44, 'Esposa', 105, NULL, NULL),
	(45, 'Esposa', 106, NULL, NULL),
	(46, 'Esposa', 107, NULL, NULL),
	(47, 'Esposo', 108, NULL, NULL),
	(48, 'Esposa', 109, NULL, NULL),
	(49, 'Esposa', 110, NULL, NULL),
	(50, 'Esposa', 115, NULL, NULL),
	(51, 'Esposa', 116, NULL, NULL),
	(52, 'Esposa', 117, NULL, NULL);
/*!40000 ALTER TABLE `acompanhante` ENABLE KEYS */;

-- Copiando estrutura para tabela gestevento.assento
CREATE TABLE IF NOT EXISTS `assento` (
  `id` int(10) unsigned NOT NULL AUTO_INCREMENT,
  `designacao` varchar(191) COLLATE utf8mb4_unicode_ci NOT NULL,
  `tipo` varchar(191) COLLATE utf8mb4_unicode_ci NOT NULL,
  `capacidade` int(11) NOT NULL,
  `id_evento` int(10) unsigned NOT NULL,
  `created_at` timestamp NULL DEFAULT NULL,
  `updated_at` timestamp NULL DEFAULT NULL,
  PRIMARY KEY (`id`),
  KEY `assento_designacao_unique` (`designacao`) USING BTREE,
  KEY `assento_id_evento_foreign` (`id_evento`),
  CONSTRAINT `assento_id_evento_foreign` FOREIGN KEY (`id_evento`) REFERENCES `evento` (`id`) ON DELETE CASCADE
) ENGINE=InnoDB AUTO_INCREMENT=38 DEFAULT CHARSET=utf8mb4 COLLATE=utf8mb4_unicode_ci;

-- Copiando dados para a tabela gestevento.assento: ~17 rows (aproximadamente)
/*!40000 ALTER TABLE `assento` DISABLE KEYS */;
INSERT INTO `assento` (`id`, `designacao`, `tipo`, `capacidade`, `id_evento`, `created_at`, `updated_at`) VALUES
	(1, 'JAVA SCRIPT', 'Mesa', 10, 1, '2021-01-25 21:18:56', '2021-01-25 21:18:56'),
	(2, 'HTML', 'Mesa', 10, 1, '2021-01-25 21:34:56', '2021-01-25 21:34:56'),
	(15, 'AMIGOS NOIVO', 'Mesa', 10, 31, '2020-08-13 19:49:24', '2020-08-13 19:49:24'),
	(16, 'PRIMOS', 'Mesa', 5, 31, '2020-08-13 19:49:40', '2020-08-13 19:49:40'),
	(17, 'AMIGUINHOS CRECHE', 'Mesa', 5, 32, '2020-08-13 20:41:09', '2020-08-13 20:41:09'),
	(18, 'PHP', 'Mesa', 10, 1, '2021-01-25 21:51:56', '2021-01-25 21:51:56'),
	(19, 'DART', 'Mesa', 10, 1, '2021-01-25 22:04:42', '2021-01-25 22:04:42'),
	(20, 'C#', 'Mesa', 10, 1, '2021-01-25 22:14:12', '2021-01-25 22:14:12'),
	(21, 'PHYTON', 'Mesa', 10, 1, '2021-01-25 22:26:23', '2021-01-25 22:26:23'),
	(26, 'BIÉ', 'Mesa', 10, 2, '2021-04-19 17:04:12', '2021-04-19 17:04:12'),
	(27, 'BENGUELA', 'Mesa', 10, 2, '2021-04-19 17:04:33', '2021-04-19 17:04:33'),
	(28, 'HUAMB0', 'Mesa', 10, 2, '2021-04-19 17:05:08', '2021-04-19 17:05:08'),
	(29, 'MALANGE', 'Mesa', 10, 2, '2021-04-19 17:05:53', '2021-04-19 17:05:53'),
	(30, 'CUNENE', 'Mesa', 10, 2, '2021-04-19 17:06:19', '2021-04-19 17:06:19'),
	(31, 'BENGO', 'Mesa', 10, 2, '2021-04-19 17:07:04', '2021-04-19 17:07:04'),
	(32, 'LUANDA', 'Mesa', 20, 2, '2021-04-20 08:17:40', '2021-04-20 08:17:40'),
	(34, 'SOYO', 'Mesa', 10, 2, '2021-04-20 09:18:32', '2021-04-20 09:18:32'),
	(35, 'ZONA VIP', 'Outro', 30, 4, '2021-08-29 10:12:12', '2021-08-29 10:12:12'),
	(36, 'ZONA NORMAL', 'Outro', 80, 4, '2021-08-29 10:12:33', '2021-08-29 10:12:33'),
	(37, 'GERAL', 'Mesa', 50, 5, '2021-10-18 05:46:03', '2021-10-18 05:46:03');
/*!40000 ALTER TABLE `assento` ENABLE KEYS */;

-- Copiando estrutura para tabela gestevento.consumo
CREATE TABLE IF NOT EXISTS `consumo` (
  `id` int(10) unsigned NOT NULL AUTO_INCREMENT,
  `designacao` varchar(191) COLLATE utf8mb4_unicode_ci NOT NULL,
  `categoria` varchar(50) COLLATE utf8mb4_unicode_ci NOT NULL,
  `quantidade_registada` int(11) NOT NULL,
  `quantidade_consumida` int(11) NOT NULL,
  `id_evento` int(10) unsigned NOT NULL,
  `created_at` timestamp NULL DEFAULT NULL,
  `updated_at` timestamp NULL DEFAULT NULL,
  PRIMARY KEY (`id`),
  KEY `consumo_id_evento_foreign` (`id_evento`),
  CONSTRAINT `consumo_id_evento_foreign` FOREIGN KEY (`id_evento`) REFERENCES `evento` (`id`) ON DELETE CASCADE ON UPDATE CASCADE
) ENGINE=InnoDB AUTO_INCREMENT=8 DEFAULT CHARSET=utf8mb4 COLLATE=utf8mb4_unicode_ci;

-- Copiando dados para a tabela gestevento.consumo: ~4 rows (aproximadamente)
/*!40000 ALTER TABLE `consumo` DISABLE KEYS */;
INSERT INTO `consumo` (`id`, `designacao`, `categoria`, `quantidade_registada`, `quantidade_consumida`, `id_evento`, `created_at`, `updated_at`) VALUES
	(3, 'Bolo Rei', 'Bolos', 2, 0, 31, '2020-08-20 13:03:15', '2020-08-20 13:03:15'),
	(5, 'Gasosa Coca Cola', 'Bebida', 10, 0, 31, '2020-08-20 13:31:15', '2020-08-20 13:31:15'),
	(6, 'Ressóis da Leocádia', 'Salgados', 100, 0, 31, '2020-08-20 13:41:34', '2020-08-20 13:41:34'),
	(7, 'Bolo de ginguba', 'Bolos', 5, 0, 39, '2020-08-20 19:33:01', '2020-08-20 19:33:01');
/*!40000 ALTER TABLE `consumo` ENABLE KEYS */;

-- Copiando estrutura para tabela gestevento.convidado
CREATE TABLE IF NOT EXISTS `convidado` (
  `id` int(10) unsigned NOT NULL AUTO_INCREMENT,
  `nome` varchar(191) COLLATE utf8mb4_unicode_ci NOT NULL,
  `genero` char(1) COLLATE utf8mb4_unicode_ci NOT NULL,
  `estado` varchar(191) COLLATE utf8mb4_unicode_ci NOT NULL,
  `id_assento` int(10) unsigned DEFAULT NULL,
  `id_evento` int(10) unsigned DEFAULT NULL,
  `created_at` timestamp NULL DEFAULT NULL,
  `updated_at` timestamp NULL DEFAULT NULL,
  PRIMARY KEY (`id`),
  KEY `convidado_id_assento_foreign` (`id_assento`),
  KEY `convidado_id_evento_foreign` (`id_evento`),
  CONSTRAINT `convidado_id_assento_foreign` FOREIGN KEY (`id_assento`) REFERENCES `assento` (`id`) ON DELETE CASCADE ON UPDATE CASCADE,
  CONSTRAINT `convidado_id_evento_foreign` FOREIGN KEY (`id_evento`) REFERENCES `evento` (`id`) ON DELETE CASCADE ON UPDATE CASCADE
) ENGINE=InnoDB AUTO_INCREMENT=260 DEFAULT CHARSET=utf8mb4 COLLATE=utf8mb4_unicode_ci;

-- Copiando dados para a tabela gestevento.convidado: ~227 rows (aproximadamente)
/*!40000 ALTER TABLE `convidado` DISABLE KEYS */;
INSERT INTO `convidado` (`id`, `nome`, `genero`, `estado`, `id_assento`, `id_evento`, `created_at`, `updated_at`) VALUES
	(1, 'António Messias', 'M', 'Ausente', 1, NULL, NULL, NULL),
	(7, 'José Faria', 'M', 'Ausente', 1, NULL, NULL, NULL),
	(12, 'Paulo Dias', 'M', 'Ausente', 21, NULL, NULL, NULL),
	(13, 'Nkuasambo Lemos', 'M', 'Ausente', 21, NULL, NULL, NULL),
	(18, 'Rachel  Mbongo', 'M', 'Ausente', 20, NULL, NULL, NULL),
	(19, 'Steve Lianza', 'M', 'Ausente', 20, NULL, NULL, NULL),
	(20, 'Samuel Paulo Afonso', 'M', 'Ausente', 20, NULL, NULL, NULL),
	(22, 'Diabanza Lopes', 'M', 'Ausente', 20, NULL, NULL, NULL),
	(23, 'Natalício Guiri', 'M', 'Ausente', 20, NULL, NULL, NULL),
	(25, 'Mima Antônio', 'F', 'Ausente', 2, NULL, NULL, NULL),
	(26, 'Cláudia Sombola', 'F', 'Ausente', 2, NULL, NULL, NULL),
	(27, 'Maria Nkuango', 'F', 'Ausente', 2, NULL, NULL, NULL),
	(28, 'Lufuankenda Delfina', 'F', 'Ausente', 2, NULL, NULL, NULL),
	(30, 'Justino Mukoko', 'M', 'Ausente', 2, NULL, NULL, NULL),
	(31, 'Salas Afonso', 'M', 'Ausente', 18, NULL, NULL, NULL),
	(32, 'Makaya Rosalina', 'F', 'Ausente', 18, NULL, NULL, NULL),
	(33, 'Isabel Mulamba', 'F', 'Ausente', 18, NULL, NULL, NULL),
	(34, 'Clementina Manuel', 'F', 'Ausente', 18, NULL, NULL, NULL),
	(35, 'Fabiola Manuel', 'F', 'Ausente', 18, NULL, NULL, NULL),
	(36, 'Manelito Afonso', 'M', 'Ausente', 18, NULL, NULL, NULL),
	(37, 'João Quidima', 'M', 'Ausente', 18, NULL, NULL, NULL),
	(38, 'LUZENZA SEBASTIÃO', 'M', 'Ausente', 19, NULL, NULL, NULL),
	(39, 'Mônica Ginga', 'F', 'Ausente', 19, NULL, NULL, NULL),
	(40, 'Eunice Gastão', 'M', 'Ausente', 19, NULL, NULL, NULL),
	(41, 'Dalton Cabeia', 'M', 'Ausente', 19, NULL, NULL, NULL),
	(42, 'Joaquim Lutumba', 'M', 'Ausente', 19, NULL, NULL, NULL),
	(43, 'Beatriz Cardoso', 'F', 'Ausente', 19, NULL, NULL, NULL),
	(46, 'Matondo Sebastião', 'M', 'Ausente', 2, NULL, NULL, NULL),
	(47, 'Asminha', 'F', 'Ausente', 20, NULL, NULL, NULL),
	(48, 'Lola', 'F', 'Ausente', 21, NULL, NULL, NULL),
	(49, 'Beleca', 'F', 'Ausente', 21, NULL, NULL, NULL),
	(50, 'Michou', 'M', 'Ausente', 21, NULL, NULL, NULL),
	(51, 'Simão', 'M', 'Ausente', 21, NULL, NULL, NULL),
	(52, 'Cristina', 'F', 'Ausente', 21, NULL, NULL, NULL),
	(53, 'Nsimba', 'M', 'Ausente', 21, NULL, NULL, NULL),
	(54, 'Nzambi Paulo', 'M', 'Ausente', 19, NULL, NULL, NULL),
	(65, 'Oliveira Dinis', 'M', 'Ausente', 32, NULL, NULL, NULL),
	(66, 'Ana Dinis', 'F', 'Ausente', 32, NULL, NULL, NULL),
	(67, 'António André', 'M', 'Ausente', 32, NULL, NULL, NULL),
	(68, 'Gaspar Gosmes', 'M', 'Ausente', 32, NULL, NULL, NULL),
	(69, 'Eurelio', 'M', 'Ausente', 32, NULL, NULL, NULL),
	(70, 'zé Noé', 'M', 'Ausente', 32, NULL, NULL, NULL),
	(71, 'Ricardo', 'M', 'Ausente', 32, NULL, NULL, NULL),
	(72, 'Chilola de Almeida', 'M', 'Ausente', 32, NULL, NULL, NULL),
	(73, 'Carla Junho', 'F', 'Ausente', 32, NULL, NULL, NULL),
	(74, 'Francisco Dinis', 'M', 'Ausente', 32, NULL, NULL, NULL),
	(75, 'Eunice gastão', 'M', 'Ausente', 28, NULL, NULL, NULL),
	(76, 'Dalton Cabeia', 'M', 'Ausente', 28, NULL, NULL, NULL),
	(77, 'Emanuel de Abril', 'M', 'Ausente', 28, NULL, NULL, NULL),
	(78, 'Ana Quicomo', 'M', 'Ausente', 28, NULL, NULL, NULL),
	(79, 'Aguinaldo de Oliveira', 'M', 'Ausente', 28, NULL, NULL, NULL),
	(80, 'Pedro Maloua', 'M', 'Ausente', 28, NULL, NULL, NULL),
	(81, 'Raquel da Lomba', 'F', 'Ausente', 28, NULL, NULL, NULL),
	(82, 'Mariana Van-Dunem', 'M', 'Ausente', 28, NULL, NULL, NULL),
	(83, 'Agustinho Xavier', 'M', 'Ausente', 28, NULL, NULL, NULL),
	(84, 'Arlindo isabel', 'M', 'Ausente', 27, NULL, NULL, NULL),
	(85, 'Pedro Viliana', 'M', 'Ausente', 27, NULL, NULL, NULL),
	(86, 'Joana lina', 'M', 'Ausente', 27, NULL, NULL, NULL),
	(87, 'Pastora Bernarda', 'M', 'Ausente', 27, NULL, NULL, NULL),
	(88, 'Dulce Ginga', 'M', 'Ausente', 27, NULL, NULL, NULL),
	(89, 'Catarina', 'F', 'Ausente', 29, NULL, NULL, NULL),
	(90, 'Almeida', 'M', 'Ausente', 29, NULL, NULL, NULL),
	(92, 'Luís', 'M', 'Ausente', 29, NULL, NULL, NULL),
	(93, 'Nadia Graça', 'F', 'Ausente', 29, NULL, NULL, NULL),
	(94, 'Baúlio André', 'M', 'Ausente', 29, NULL, NULL, NULL),
	(95, 'Bernardino Viliana', 'M', 'Ausente', 29, NULL, NULL, NULL),
	(96, 'etelvina Chilepa', 'F', 'Ausente', 26, NULL, NULL, NULL),
	(97, 'Suzana Matos', 'F', 'Ausente', 26, NULL, NULL, NULL),
	(98, 'Lialunga walter', 'M', 'Ausente', 26, NULL, NULL, NULL),
	(99, 'Chilola de Almeida', 'M', 'Ausente', 26, NULL, NULL, NULL),
	(100, 'Grupo G-27', 'M', 'Ausente', 26, NULL, NULL, NULL),
	(101, 'Capita', 'M', 'Ausente', 26, NULL, NULL, NULL),
	(102, 'Tio Chó', 'M', 'Ausente', 30, NULL, NULL, NULL),
	(103, 'Gelson', 'M', 'Ausente', 30, NULL, NULL, NULL),
	(104, 'justino Ngonga', 'M', 'Ausente', 30, NULL, NULL, NULL),
	(105, 'Nicolau pedro', 'M', 'Ausente', 30, NULL, NULL, NULL),
	(106, 'Papá Rogerio', 'M', 'Ausente', 30, NULL, NULL, NULL),
	(107, 'Adão dos Santos', 'M', 'Ausente', 31, NULL, NULL, NULL),
	(108, 'Luzia dos Santos', 'F', 'Ausente', 31, NULL, NULL, NULL),
	(109, 'António dos Santos', 'M', 'Ausente', 31, NULL, NULL, NULL),
	(110, 'Paiota', 'M', 'Ausente', 31, NULL, NULL, NULL),
	(111, 'Pinto Pedro', 'M', 'Ausente', 34, NULL, NULL, NULL),
	(112, 'João Chitar', 'M', 'Ausente', 34, NULL, NULL, NULL),
	(113, 'António Matias', 'M', 'Ausente', 34, NULL, NULL, NULL),
	(114, 'Catarina Mateus', 'M', 'Ausente', 34, NULL, NULL, NULL),
	(115, 'Ventura de Azevedo', 'M', 'Ausente', 34, NULL, NULL, NULL),
	(116, 'Januario Damião', 'M', 'Ausente', 34, NULL, NULL, NULL),
	(117, 'Jaime Cajiji', 'M', 'Ausente', 34, NULL, NULL, NULL),
	(118, 'Trovoada Team_3_1', 'U', 'Ausente', NULL, 3, NULL, NULL),
	(119, 'Trovoada Team_3_2', 'U', 'Ausente', NULL, 3, NULL, NULL),
	(120, 'Trovoada Team_3_3', 'U', 'Ausente', NULL, 3, NULL, NULL),
	(121, 'Trovoada Team_3_4', 'U', 'Ausente', NULL, 3, NULL, NULL),
	(122, 'Trovoada Team_3_5', 'U', 'Ausente', NULL, 3, NULL, NULL),
	(123, 'Trovoada Team_3_6', 'U', 'Ausente', NULL, 3, NULL, NULL),
	(124, 'Trovoada Team_3_7', 'U', 'Ausente', NULL, 3, NULL, NULL),
	(125, 'Trovoada Team_3_8', 'U', 'Ausente', NULL, 3, NULL, NULL),
	(126, 'Trovoada Team_3_9', 'U', 'Ausente', NULL, 3, NULL, NULL),
	(127, 'Trovoada Team_3_10', 'U', 'Ausente', NULL, 3, NULL, NULL),
	(128, 'Trovoada Team_3_11', 'U', 'Ausente', NULL, 3, NULL, NULL),
	(129, 'Trovoada Team_3_12', 'U', 'Ausente', NULL, 3, NULL, NULL),
	(130, 'Trovoada Team_3_13', 'U', 'Ausente', NULL, 3, NULL, NULL),
	(131, 'Trovoada Team_3_14', 'U', 'Ausente', NULL, 3, NULL, NULL),
	(132, 'Trovoada Team_3_15', 'U', 'Ausente', NULL, 3, NULL, NULL),
	(133, 'Trovoada Team_3_16', 'U', 'Ausente', NULL, 3, NULL, NULL),
	(134, 'Trovoada Team_3_17', 'U', 'Ausente', NULL, 3, NULL, NULL),
	(135, 'Trovoada Team_3_18', 'U', 'Ausente', NULL, 3, NULL, NULL),
	(136, 'Trovoada Team_3_19', 'U', 'Ausente', NULL, 3, NULL, NULL),
	(137, 'Trovoada Team_3_20', 'U', 'Ausente', NULL, 3, NULL, NULL),
	(138, '#VP1', 'M', 'Ausente', 35, NULL, NULL, NULL),
	(139, '#VP2', 'M', 'Ausente', 35, NULL, NULL, NULL),
	(140, '#VP3', 'M', 'Ausente', 35, NULL, NULL, NULL),
	(141, '#VP4', 'M', 'Ausente', 35, NULL, NULL, NULL),
	(142, '#VP5', 'M', 'Ausente', 35, NULL, NULL, NULL),
	(143, '#VP6', 'M', 'Ausente', 35, NULL, NULL, NULL),
	(144, '#VP7', 'M', 'Ausente', 35, NULL, NULL, NULL),
	(145, '#VP8', 'M', 'Ausente', 35, NULL, NULL, NULL),
	(146, '#VP9', 'M', 'Ausente', 35, NULL, NULL, NULL),
	(147, '#VP10', 'M', 'Ausente', 35, NULL, NULL, NULL),
	(148, '#NRM1', 'M', 'Ausente', 36, NULL, NULL, NULL),
	(149, '#NRM2', 'M', 'Ausente', 36, NULL, NULL, NULL),
	(150, '#NRM3', 'M', 'Ausente', 36, NULL, NULL, NULL),
	(151, '#NRM4', 'M', 'Ausente', 36, NULL, NULL, NULL),
	(152, '#NRM5', 'M', 'Ausente', 36, NULL, NULL, NULL),
	(153, '#NRM6', 'M', 'Ausente', 36, NULL, NULL, NULL),
	(154, '#NRM7', 'M', 'Ausente', 36, NULL, NULL, NULL),
	(155, '#NRM8', 'M', 'Ausente', 36, NULL, NULL, NULL),
	(156, '#NRM9', 'M', 'Ausente', 36, NULL, NULL, NULL),
	(157, '#NRM10', 'M', 'Ausente', 36, NULL, NULL, NULL),
	(158, '#VP11', 'M', 'Ausente', 35, NULL, NULL, NULL),
	(159, '#VP12', 'M', 'Ausente', 35, NULL, NULL, NULL),
	(160, '#VP13', 'M', 'Ausente', 35, NULL, NULL, NULL),
	(161, '#VP14', 'M', 'Ausente', 35, NULL, NULL, NULL),
	(162, '#VP15', 'M', 'Ausente', 35, NULL, NULL, NULL),
	(163, '#VP16', 'M', 'Ausente', 35, NULL, NULL, NULL),
	(164, '#VP17', 'M', 'Ausente', 35, NULL, NULL, NULL),
	(165, '#VP18', 'M', 'Ausente', 35, NULL, NULL, NULL),
	(166, '#VP19', 'M', 'Ausente', 35, NULL, NULL, NULL),
	(167, '#VP20', 'M', 'Ausente', 35, NULL, NULL, NULL),
	(168, '#VP21', 'M', 'Ausente', 35, NULL, NULL, NULL),
	(169, '#VP22', 'M', 'Ausente', 35, NULL, NULL, NULL),
	(170, '#VP23', 'M', 'Ausente', 35, NULL, NULL, NULL),
	(171, '#VP24', 'M', 'Ausente', 35, NULL, NULL, NULL),
	(172, '#VP25', 'M', 'Ausente', 35, NULL, NULL, NULL),
	(173, '#NRM11', 'M', 'Ausente', 36, NULL, NULL, NULL),
	(174, '#NRM12', 'M', 'Ausente', 36, NULL, NULL, NULL),
	(175, '#NRM13', 'M', 'Ausente', 36, NULL, NULL, NULL),
	(176, '#NRM14', 'M', 'Ausente', 36, NULL, NULL, NULL),
	(177, '#NRM15', 'M', 'Ausente', 36, NULL, NULL, NULL),
	(178, '#NRM16', 'M', 'Ausente', 36, NULL, NULL, NULL),
	(179, '#NRM17', 'M', 'Ausente', 36, NULL, NULL, NULL),
	(180, '#NRM18', 'M', 'Ausente', 36, NULL, NULL, NULL),
	(181, '#NRM19', 'M', 'Ausente', 36, NULL, NULL, NULL),
	(182, '#NRM20', 'M', 'Ausente', 36, NULL, NULL, NULL),
	(183, '#NRM21', 'M', 'Ausente', 36, NULL, NULL, NULL),
	(184, '#NRM22', 'M', 'Ausente', 36, NULL, NULL, NULL),
	(185, '#NRM23', 'M', 'Ausente', 36, NULL, NULL, NULL),
	(186, '#NRM24', 'M', 'Ausente', 36, NULL, NULL, NULL),
	(187, '#NRM25', 'M', 'Ausente', 36, NULL, NULL, NULL),
	(188, '#NRM26', 'M', 'Ausente', 36, NULL, NULL, NULL),
	(189, '#NRM27', 'M', 'Ausente', 36, NULL, NULL, NULL),
	(190, '#NRM28', 'M', 'Ausente', 36, NULL, NULL, NULL),
	(191, '#NRM29', 'M', 'Ausente', 36, NULL, NULL, NULL),
	(192, '#NRM30', 'M', 'Ausente', 36, NULL, NULL, NULL),
	(193, '#NRM31', 'M', 'Ausente', 36, NULL, NULL, NULL),
	(194, '#NRM32', 'M', 'Ausente', 36, NULL, NULL, NULL),
	(195, '#NRM33', 'M', 'Ausente', 36, NULL, NULL, NULL),
	(196, '#NRM34', 'M', 'Ausente', 36, NULL, NULL, NULL),
	(197, '#NRM35', 'M', 'Ausente', 36, NULL, NULL, NULL),
	(198, '#NRM36', 'M', 'Ausente', 36, NULL, NULL, NULL),
	(199, '#NRM37', 'M', 'Ausente', 36, NULL, NULL, NULL),
	(200, '#NRM38', 'M', 'Ausente', 36, NULL, NULL, NULL),
	(201, '#NRM39', 'M', 'Ausente', 36, NULL, NULL, NULL),
	(202, '#NRM40', 'M', 'Ausente', 36, NULL, NULL, NULL),
	(203, '#NRM41', 'M', 'Ausente', 36, NULL, NULL, NULL),
	(204, '#NRM42', 'M', 'Ausente', 36, NULL, NULL, NULL),
	(205, '#NRM43', 'M', 'Ausente', 36, NULL, NULL, NULL),
	(206, '#NRM44', 'M', 'Ausente', 36, NULL, NULL, NULL),
	(207, '#NRM45', 'M', 'Ausente', 36, NULL, NULL, NULL),
	(208, '#NRM46', 'M', 'Ausente', 36, NULL, NULL, NULL),
	(209, '#NRM47', 'M', 'Ausente', 36, NULL, NULL, NULL),
	(210, '#NRM48', 'M', 'Ausente', 36, NULL, NULL, NULL),
	(211, '#NRM49', 'M', 'Ausente', 36, NULL, NULL, NULL),
	(212, '#NRM50', 'M', 'Ausente', 36, NULL, NULL, NULL),
	(213, 'Albino da Conceição José', 'M', 'Ausente', 37, NULL, NULL, NULL),
	(214, 'António Domingos', 'M', 'Ausente', 37, NULL, NULL, NULL),
	(215, 'António Gaspar Cosme', 'M', 'Ausente', 37, NULL, NULL, NULL),
	(216, 'António João Kady', 'M', 'Ausente', 37, NULL, NULL, NULL),
	(217, 'António Manuel Fiel “Didi”', 'M', 'Ausente', 37, NULL, NULL, NULL),
	(218, 'António Sebastião Lino', 'M', 'Ausente', 37, NULL, NULL, NULL),
	(220, 'António Tomas Ana', 'M', 'Ausente', 37, NULL, NULL, NULL),
	(221, 'Arlindo João Carlos Isabel', 'M', 'Ausente', 37, NULL, NULL, NULL),
	(222, 'Arnaldo de Jesus Simões', 'M', 'Ausente', 37, NULL, NULL, NULL),
	(223, 'Célsio do Rosário M. de Carvalho', 'M', 'Ausente', 37, NULL, NULL, NULL),
	(224, 'Diogo Jorge de Jesus', 'M', 'Ausente', 37, NULL, NULL, NULL),
	(225, 'Ermelindo S. G Pereira', 'M', 'Ausente', 37, NULL, NULL, NULL),
	(226, 'Euclides Joaquim Faria da Costa', 'M', 'Ausente', 37, NULL, NULL, NULL),
	(227, 'Eurico Joaquim S. F. Bento', 'M', 'Ausente', 37, NULL, NULL, NULL),
	(228, 'Evalina Bundo W. Sapilinha', 'F', 'Ausente', 37, NULL, NULL, NULL),
	(229, 'Fernando Francisco João', 'M', 'Ausente', 37, NULL, NULL, NULL),
	(230, 'Fernando Nelson F. Cardoso', 'M', 'Ausente', 37, NULL, NULL, NULL),
	(231, 'Hélder J. G. Adão', 'M', 'Ausente', 37, NULL, NULL, NULL),
	(232, 'Hélder M. J. do Nascimento Balsa', 'M', 'Ausente', 37, NULL, NULL, NULL),
	(233, 'José Nepomuceno M. de Andrade', 'M', 'Ausente', 37, NULL, NULL, NULL),
	(234, 'José Octávio Serra Van-dúnem', 'M', 'Ausente', 37, NULL, NULL, NULL),
	(235, 'Kinixe Filipe Cassombe', 'M', 'Ausente', 37, NULL, NULL, NULL),
	(236, 'Leonel da Rocha Pinto', 'M', 'Ausente', 37, NULL, NULL, NULL),
	(237, 'Lourenço Luís Domingos', 'M', 'Ausente', 37, NULL, NULL, NULL),
	(238, 'Maria Antónia Nelumba', 'M', 'Ausente', 37, NULL, NULL, NULL),
	(239, 'Mariana D. F. Cunha', 'M', 'Ausente', 37, NULL, NULL, NULL),
	(240, 'Mateus António da Costa', 'M', 'Ausente', 37, NULL, NULL, NULL),
	(241, 'Miguel Silva de Almeida', 'M', 'Ausente', 37, NULL, NULL, NULL),
	(242, 'Milca Cuessue Caquece', 'F', 'Ausente', 37, NULL, NULL, NULL),
	(243, 'Narciso Damásio Benedito', 'M', 'Ausente', 37, NULL, NULL, NULL),
	(244, 'Naulila Masisa Fernandes André', 'F', 'Ausente', 37, NULL, NULL, NULL),
	(245, 'Noivito Agostinho Pedro', 'M', 'Ausente', 37, NULL, NULL, NULL),
	(246, 'Rosa Severiano Coelho', 'M', 'Ausente', 37, NULL, NULL, NULL),
	(247, 'Vicente Francisco Soares', 'M', 'Ausente', 37, NULL, NULL, NULL),
	(248, 'Victor Nataniel de Oliveira Narciso', 'M', 'Ausente', 37, NULL, NULL, NULL),
	(249, 'Bento Joaquim S. F. Bento', 'M', 'Ausente', 37, NULL, NULL, NULL),
	(250, 'Nelson Lopes Funete', 'M', 'Ausente', 37, NULL, NULL, NULL),
	(251, 'Nhanga Kalunga H. F. de Assunção', 'M', 'Ausente', 37, NULL, NULL, NULL),
	(252, 'Pedro Viliana Manuel', 'M', 'Ausente', 37, NULL, NULL, NULL),
	(253, 'Cláudia Jacira Gomes', 'F', 'Ausente', 37, NULL, NULL, NULL),
	(254, 'Djamilia B.  F. dos Santos', 'M', 'Ausente', 37, NULL, NULL, NULL),
	(255, 'Ana Paula P. Rodrigues', 'F', 'Ausente', 37, NULL, NULL, NULL),
	(256, 'Bento dos Santos “Kangamba”', 'M', 'Ausente', 37, NULL, NULL, NULL),
	(257, 'Luzia Pedro C. Policarpo', 'M', 'Ausente', 37, NULL, NULL, NULL),
	(258, 'Maria Catarina Beua', 'M', 'Ausente', 37, NULL, NULL, NULL),
	(259, 'Ana Maria Cordeiro Alves', 'M', 'Ausente', 37, NULL, NULL, NULL);
/*!40000 ALTER TABLE `convidado` ENABLE KEYS */;

-- Copiando estrutura para tabela gestevento.convidadoapi
CREATE TABLE IF NOT EXISTS `convidadoapi` (
  `id` int(10) NOT NULL,
  `nome` varchar(191) COLLATE utf8mb4_unicode_ci NOT NULL,
  `assento` varchar(191) COLLATE utf8mb4_unicode_ci NOT NULL,
  `acompanhante` varchar(191) COLLATE utf8mb4_unicode_ci DEFAULT NULL,
  `id_evento` int(10) NOT NULL,
  `estado` varchar(50) COLLATE utf8mb4_unicode_ci NOT NULL,
  `created_at` timestamp NULL DEFAULT NULL,
  `updated_at` timestamp NULL DEFAULT NULL
) ENGINE=InnoDB DEFAULT CHARSET=utf8mb4 COLLATE=utf8mb4_unicode_ci;

-- Copiando dados para a tabela gestevento.convidadoapi: ~239 rows (aproximadamente)
/*!40000 ALTER TABLE `convidadoapi` DISABLE KEYS */;
INSERT INTO `convidadoapi` (`id`, `nome`, `assento`, `acompanhante`, `id_evento`, `estado`, `created_at`, `updated_at`) VALUES
	(143, 'Eunice Gastão', 'AMIGOS NOIVO', 'Leocadia Narciso | Sandra Maquengo', 31, 'Presente', NULL, '2020-08-20 11:57:16'),
	(145, 'Sediamuana Congolo', 'AMIGOS NOIVO', 'Cintia Medina | Sebastião Ramos | Abeumar Cimar', 31, 'Ausente', NULL, '2020-08-20 11:54:21'),
	(137, 'Amilton Maketcha', 'PRIMOS', NULL, 31, 'Presente', NULL, '2020-08-20 11:54:16'),
	(144, 'Klezidane', 'PRIMOS', 'Manuela Pinheiro | Josefa dos Anjos', 31, 'Presente', NULL, '2020-08-20 11:56:52'),
	(108, 'UAN-FC_33_1', 'Sem Assento', NULL, 33, 'Ausente', NULL, NULL),
	(109, 'UAN-FC_33_2', 'Sem Assento', NULL, 33, 'Ausente', NULL, NULL),
	(110, 'UAN-FC_33_3', 'Sem Assento', NULL, 33, 'Ausente', NULL, NULL),
	(111, 'UAN-FC_33_4', 'Sem Assento', NULL, 33, 'Ausente', NULL, NULL),
	(112, 'UAN-FC_33_5', 'Sem Assento', NULL, 33, 'Ausente', NULL, NULL),
	(113, 'UAN-FC_33_6', 'Sem Assento', NULL, 33, 'Ausente', NULL, NULL),
	(114, 'UAN-FC_33_7', 'Sem Assento', NULL, 33, 'Ausente', NULL, NULL),
	(115, 'UAN-FC_33_8', 'Sem Assento', NULL, 33, 'Ausente', NULL, NULL),
	(116, 'UAN-FC_33_9', 'Sem Assento', NULL, 33, 'Ausente', NULL, NULL),
	(117, 'UAN-FC_33_10', 'Sem Assento', NULL, 33, 'Ausente', NULL, NULL),
	(118, 'UAN-FC_33_11', 'Sem Assento', NULL, 33, 'Ausente', NULL, NULL),
	(119, 'UAN-FC_33_12', 'Sem Assento', NULL, 33, 'Ausente', NULL, NULL),
	(120, 'UAN-FC_33_13', 'Sem Assento', NULL, 33, 'Ausente', NULL, NULL),
	(121, 'UAN-FC_33_14', 'Sem Assento', NULL, 33, 'Ausente', NULL, NULL),
	(122, 'UAN-FC_33_15', 'Sem Assento', NULL, 33, 'Ausente', NULL, NULL),
	(133, 'Liandra', 'AMIGUINHOS CRECHE', NULL, 32, 'Ausente', NULL, NULL),
	(134, 'Anayara', 'AMIGUINHOS CRECHE', NULL, 32, 'Ausente', NULL, NULL),
	(146, 'UNITEL_38_1', 'Sem Assento', NULL, 38, 'Ausente', NULL, NULL),
	(147, 'UNITEL_38_2', 'Sem Assento', NULL, 38, 'Ausente', NULL, NULL),
	(148, 'UNITEL_38_3', 'Sem Assento', NULL, 38, 'Ausente', NULL, NULL),
	(149, 'UNITEL_38_4', 'Sem Assento', NULL, 38, 'Ausente', NULL, NULL),
	(150, 'UNITEL_38_5', 'Sem Assento', NULL, 38, 'Ausente', NULL, NULL),
	(151, 'UNITEL_38_6', 'Sem Assento', NULL, 38, 'Ausente', NULL, NULL),
	(152, 'UNITEL_38_7', 'Sem Assento', NULL, 38, 'Ausente', NULL, NULL),
	(153, 'UNITEL_38_8', 'Sem Assento', NULL, 38, 'Ausente', NULL, NULL),
	(154, 'UNITEL_38_9', 'Sem Assento', NULL, 38, 'Ausente', NULL, NULL),
	(155, 'UNITEL_38_10', 'Sem Assento', NULL, 38, 'Ausente', NULL, NULL),
	(156, 'Unitel Challenge_39_1', 'Sem Assento', NULL, 39, 'Presente', NULL, '2020-08-20 20:17:18'),
	(157, 'Unitel Challenge_39_2', 'Sem Assento', NULL, 39, 'Ausente', NULL, NULL),
	(158, 'Unitel Challenge_39_3', 'Sem Assento', NULL, 39, 'Ausente', NULL, NULL),
	(159, 'Unitel Challenge_39_4', 'Sem Assento', NULL, 39, 'Ausente', NULL, NULL),
	(160, 'Unitel Challenge_39_5', 'Sem Assento', NULL, 39, 'Presente', NULL, '2020-08-20 20:25:49'),
	(161, 'Unitel Challenge_39_6', 'Sem Assento', NULL, 39, 'Ausente', NULL, NULL),
	(162, 'Unitel Challenge_39_7', 'Sem Assento', NULL, 39, 'Ausente', NULL, NULL),
	(163, 'Unitel Challenge_39_8', 'Sem Assento', NULL, 39, 'Presente', NULL, '2020-08-20 20:25:30'),
	(164, 'Unitel Challenge_39_9', 'Sem Assento', NULL, 39, 'Ausente', NULL, NULL),
	(165, 'Unitel Challenge_39_10', 'Sem Assento', NULL, 39, 'Ausente', NULL, NULL),
	(166, 'Unitel Challenge_39_11', 'Sem Assento', NULL, 39, 'Ausente', NULL, NULL),
	(167, 'Unitel Challenge_39_12', 'Sem Assento', NULL, 39, 'Presente', NULL, '2020-08-20 20:25:35'),
	(168, 'Unitel Challenge_39_13', 'Sem Assento', NULL, 39, 'Ausente', NULL, NULL),
	(169, 'Unitel Challenge_39_14', 'Sem Assento', NULL, 39, 'Ausente', NULL, NULL),
	(170, 'Unitel Challenge_39_15', 'Sem Assento', NULL, 39, 'Presente', NULL, '2020-08-20 20:26:14'),
	(171, 'Unitel Challenge_39_16', 'Sem Assento', NULL, 39, 'Presente', NULL, '2020-08-20 20:18:29'),
	(172, 'Unitel Challenge_39_17', 'Sem Assento', NULL, 39, 'Ausente', NULL, NULL),
	(173, 'Unitel Challenge_39_18', 'Sem Assento', NULL, 39, 'Presente', NULL, '2020-08-20 20:26:08'),
	(174, 'Unitel Challenge_39_19', 'Sem Assento', NULL, 39, 'Ausente', NULL, NULL),
	(175, 'Unitel Challenge_39_20', 'Sem Assento', NULL, 39, 'Presente', NULL, '2020-08-20 20:26:02'),
	(18, 'Rachel  Mbongo', 'C#', 'Francisca', 1, 'Presente', NULL, '2021-01-30 20:55:29'),
	(19, 'Steve Lianza', 'C#', 'Maria', 1, 'Ausente', NULL, NULL),
	(20, 'Samuel Paulo Afonso', 'C#', 'Jonas Antônio', 1, 'Presente', NULL, '2021-01-30 21:43:20'),
	(22, 'Diabanza Lopes', 'C#', NULL, 1, 'Ausente', NULL, NULL),
	(23, 'Natalício Guiri', 'C#', NULL, 1, 'Presente', NULL, '2021-01-30 21:43:48'),
	(47, 'Asminha', 'C#', 'Olga', 1, 'Presente', NULL, '2021-01-30 22:41:10'),
	(38, 'LUZENZA SEBASTIÃO', 'DART', 'CATARINA ARTUR', 1, 'Presente', NULL, '2021-01-30 21:26:03'),
	(39, 'Mônica Ginga', 'DART', 'Helena Ginga', 1, 'Presente', NULL, '2021-01-30 21:17:52'),
	(40, 'Eunice Gastão', 'DART', NULL, 1, 'Ausente', NULL, NULL),
	(41, 'Dalton Cabeia', 'DART', NULL, 1, 'Ausente', NULL, NULL),
	(42, 'Joaquim Lutumba', 'DART', 'Isabel Lutumba', 1, 'Presente', NULL, '2021-01-30 21:17:36'),
	(43, 'Beatriz Cardoso', 'DART', NULL, 1, 'Presente', NULL, '2021-01-30 21:17:17'),
	(54, 'Nzambi Paulo', 'DART', NULL, 1, 'Ausente', NULL, NULL),
	(25, 'Mima Antônio', 'HTML', 'Alexandre Pongo', 1, 'Ausente', NULL, NULL),
	(26, 'Cláudia Sombola', 'HTML', 'Teresa Paulo', 1, 'Presente', NULL, '2021-01-30 21:19:33'),
	(27, 'Maria Nkuango', 'HTML', NULL, 1, 'Ausente', NULL, NULL),
	(28, 'Lufuankenda Delfina', 'HTML', NULL, 1, 'Presente', NULL, '2021-01-30 21:20:53'),
	(30, 'Justino Mukoko', 'HTML', 'Makaya Sebastião', 1, 'Presente', NULL, '2021-01-30 21:16:26'),
	(46, 'Matondo Sebastião', 'HTML', 'Kianguebeni Gabriel', 1, 'Presente', NULL, '2021-01-30 21:21:48'),
	(1, 'António Messias', 'JAVA SCRIPT', 'Geovania Messias', 1, 'Presente', NULL, '2021-01-30 21:27:03'),
	(7, 'José Faria', 'JAVA SCRIPT', 'Teresa Cassule', 1, 'Presente', NULL, '2021-01-30 18:30:06'),
	(31, 'Salas Afonso', 'PHP', 'Lúcia Gonga', 1, 'Presente', NULL, '2021-01-30 21:32:37'),
	(32, 'Makaya Rosalina', 'PHP', 'Esposo', 1, 'Ausente', NULL, NULL),
	(33, 'Isabel Mulamba', 'PHP', NULL, 1, 'Ausente', NULL, NULL),
	(34, 'Clementina Manuel', 'PHP', NULL, 1, 'Ausente', NULL, NULL),
	(35, 'Fabiola Manuel', 'PHP', NULL, 1, 'Presente', NULL, '2021-01-30 21:09:09'),
	(36, 'Manelito Afonso', 'PHP', 'Madalena Afonso', 1, 'Presente', NULL, '2021-01-30 21:08:36'),
	(37, 'João Quidima', 'PHP', NULL, 1, 'Ausente', NULL, NULL),
	(12, 'Paulo Dias', 'PHYTON', 'Adelina Dias', 1, 'Presente', NULL, '2021-01-30 22:09:18'),
	(13, 'Nkuasambo Lemos', 'PHYTON', 'Isabel Lemos', 1, 'Ausente', NULL, NULL),
	(48, 'Lola', 'PHYTON', NULL, 1, 'Ausente', NULL, NULL),
	(49, 'Beleca', 'PHYTON', NULL, 1, 'Presente', NULL, '2021-01-30 21:13:41'),
	(50, 'Michou', 'PHYTON', NULL, 1, 'Ausente', NULL, NULL),
	(51, 'Simão', 'PHYTON', NULL, 1, 'Presente', NULL, '2021-01-30 21:10:05'),
	(52, 'Cristina', 'PHYTON', NULL, 1, 'Ausente', NULL, NULL),
	(53, 'Nsimba', 'PHYTON', NULL, 1, 'Ausente', NULL, NULL),
	(107, 'Adão dos Santos', 'BENGO', 'Esposa', 2, 'Ausente', NULL, NULL),
	(108, 'Luzia dos Santos', 'BENGO', 'Esposo', 2, 'Ausente', NULL, NULL),
	(109, 'António dos Santos', 'BENGO', 'Esposa', 2, 'Ausente', NULL, NULL),
	(110, 'Paiota', 'BENGO', 'Esposa', 2, 'Ausente', NULL, NULL),
	(84, 'Arlindo isabel', 'BENGUELA', 'Esposa', 2, 'Ausente', NULL, NULL),
	(85, 'Pedro Viliana', 'BENGUELA', 'Esposa', 2, 'Ausente', NULL, NULL),
	(86, 'Joana lina', 'BENGUELA', 'Esposo', 2, 'Ausente', NULL, NULL),
	(87, 'Pastora Bernarda', 'BENGUELA', 'Esposo', 2, 'Ausente', NULL, NULL),
	(88, 'Dulce Ginga', 'BENGUELA', 'Esposo', 2, 'Ausente', NULL, NULL),
	(96, 'etelvina Chilepa', 'BIÉ', 'Esposo', 2, 'Ausente', NULL, NULL),
	(97, 'Suzana Matos', 'BIÉ', 'Esposo', 2, 'Ausente', NULL, NULL),
	(98, 'Lialunga walter', 'BIÉ', NULL, 2, 'Ausente', NULL, NULL),
	(99, 'Chilola de Almeida', 'BIÉ', NULL, 2, 'Ausente', NULL, NULL),
	(100, 'Grupo G-27', 'BIÉ', NULL, 2, 'Ausente', NULL, NULL),
	(101, 'Capita', 'BIÉ', 'Esposa', 2, 'Ausente', NULL, NULL),
	(102, 'Tio Chó', 'CUNENE', 'Esposa', 2, 'Ausente', NULL, NULL),
	(103, 'Gelson', 'CUNENE', 'Esposa', 2, 'Ausente', NULL, NULL),
	(104, 'justino Ngonga', 'CUNENE', 'Esposa', 2, 'Ausente', NULL, NULL),
	(105, 'Nicolau pedro', 'CUNENE', 'Esposa', 2, 'Ausente', NULL, NULL),
	(106, 'Papá Rogerio', 'CUNENE', 'Esposa', 2, 'Ausente', NULL, NULL),
	(75, 'Eunice gastão', 'HUAMB0', 'Esposa', 2, 'Ausente', NULL, NULL),
	(76, 'Dalton Cabeia', 'HUAMB0', NULL, 2, 'Ausente', NULL, NULL),
	(77, 'Emanuel de Abril', 'HUAMB0', NULL, 2, 'Ausente', NULL, NULL),
	(78, 'Ana Quicomo', 'HUAMB0', NULL, 2, 'Ausente', NULL, NULL),
	(79, 'Aguinaldo de Oliveira', 'HUAMB0', NULL, 2, 'Ausente', NULL, NULL),
	(80, 'Pedro Maloua', 'HUAMB0', NULL, 2, 'Ausente', NULL, NULL),
	(81, 'Raquel da Lomba', 'HUAMB0', NULL, 2, 'Ausente', NULL, NULL),
	(82, 'Mariana Van-Dunem', 'HUAMB0', NULL, 2, 'Ausente', NULL, NULL),
	(83, 'Agustinho Xavier', 'HUAMB0', NULL, 2, 'Ausente', NULL, NULL),
	(65, 'Oliveira Dinis', 'LUANDA', NULL, 2, 'Ausente', NULL, NULL),
	(66, 'Ana Dinis', 'LUANDA', 'Esposo', 2, 'Ausente', NULL, NULL),
	(67, 'António André', 'LUANDA', 'Esposa', 2, 'Ausente', NULL, NULL),
	(68, 'Gaspar Gosmes', 'LUANDA', 'Esposa', 2, 'Ausente', NULL, NULL),
	(69, 'Eurelio', 'LUANDA', 'Esposa', 2, 'Ausente', NULL, NULL),
	(70, 'zé Noé', 'LUANDA', 'Esposa', 2, 'Ausente', NULL, NULL),
	(71, 'Ricardo', 'LUANDA', 'Esposa', 2, 'Ausente', NULL, NULL),
	(72, 'Chilola de Almeida', 'LUANDA', NULL, 2, 'Ausente', NULL, NULL),
	(73, 'Carla Junho', 'LUANDA', 'Esposo', 2, 'Ausente', NULL, NULL),
	(74, 'Francisco Dinis', 'LUANDA', 'Esposa', 2, 'Ausente', NULL, NULL),
	(89, 'Catarina', 'MALANGE', NULL, 2, 'Ausente', NULL, NULL),
	(90, 'Almeida', 'MALANGE', NULL, 2, 'Ausente', NULL, NULL),
	(92, 'Luís', 'MALANGE', 'Esposa', 2, 'Ausente', NULL, NULL),
	(93, 'Nadia Graça', 'MALANGE', 'Esposo', 2, 'Ausente', NULL, NULL),
	(94, 'Baúlio André', 'MALANGE', 'Esposa', 2, 'Ausente', NULL, NULL),
	(95, 'Bernardino Viliana', 'MALANGE', NULL, 2, 'Ausente', NULL, NULL),
	(111, 'Pinto Pedro', 'SOYO', NULL, 2, 'Ausente', NULL, NULL),
	(112, 'João Chitar', 'SOYO', NULL, 2, 'Ausente', NULL, NULL),
	(113, 'António Matias', 'SOYO', NULL, 2, 'Ausente', NULL, NULL),
	(114, 'Catarina Mateus', 'SOYO', NULL, 2, 'Ausente', NULL, NULL),
	(115, 'Ventura de Azevedo', 'SOYO', 'Esposa', 2, 'Ausente', NULL, NULL),
	(116, 'Januario Damião', 'SOYO', 'Esposa', 2, 'Ausente', NULL, NULL),
	(117, 'Jaime Cajiji', 'SOYO', 'Esposa', 2, 'Ausente', NULL, NULL),
	(148, '#NRM1', 'ZONA NORMAL', NULL, 4, 'Ausente', NULL, NULL),
	(149, '#NRM2', 'ZONA NORMAL', NULL, 4, 'Ausente', NULL, NULL),
	(150, '#NRM3', 'ZONA NORMAL', NULL, 4, 'Ausente', NULL, NULL),
	(151, '#NRM4', 'ZONA NORMAL', NULL, 4, 'Ausente', NULL, NULL),
	(152, '#NRM5', 'ZONA NORMAL', NULL, 4, 'Ausente', NULL, NULL),
	(153, '#NRM6', 'ZONA NORMAL', NULL, 4, 'Ausente', NULL, NULL),
	(154, '#NRM7', 'ZONA NORMAL', NULL, 4, 'Ausente', NULL, NULL),
	(155, '#NRM8', 'ZONA NORMAL', NULL, 4, 'Ausente', NULL, NULL),
	(156, '#NRM9', 'ZONA NORMAL', NULL, 4, 'Ausente', NULL, NULL),
	(157, '#NRM10', 'ZONA NORMAL', NULL, 4, 'Ausente', NULL, NULL),
	(173, '#NRM11', 'ZONA NORMAL', NULL, 4, 'Ausente', NULL, NULL),
	(174, '#NRM12', 'ZONA NORMAL', NULL, 4, 'Ausente', NULL, NULL),
	(175, '#NRM13', 'ZONA NORMAL', NULL, 4, 'Ausente', NULL, NULL),
	(176, '#NRM14', 'ZONA NORMAL', NULL, 4, 'Ausente', NULL, NULL),
	(177, '#NRM15', 'ZONA NORMAL', NULL, 4, 'Ausente', NULL, NULL),
	(178, '#NRM16', 'ZONA NORMAL', NULL, 4, 'Ausente', NULL, NULL),
	(179, '#NRM17', 'ZONA NORMAL', NULL, 4, 'Ausente', NULL, NULL),
	(180, '#NRM18', 'ZONA NORMAL', NULL, 4, 'Ausente', NULL, NULL),
	(181, '#NRM19', 'ZONA NORMAL', NULL, 4, 'Ausente', NULL, NULL),
	(182, '#NRM20', 'ZONA NORMAL', NULL, 4, 'Ausente', NULL, NULL),
	(183, '#NRM21', 'ZONA NORMAL', NULL, 4, 'Ausente', NULL, NULL),
	(184, '#NRM22', 'ZONA NORMAL', NULL, 4, 'Ausente', NULL, NULL),
	(185, '#NRM23', 'ZONA NORMAL', NULL, 4, 'Ausente', NULL, NULL),
	(186, '#NRM24', 'ZONA NORMAL', NULL, 4, 'Ausente', NULL, NULL),
	(187, '#NRM25', 'ZONA NORMAL', NULL, 4, 'Ausente', NULL, NULL),
	(188, '#NRM26', 'ZONA NORMAL', NULL, 4, 'Ausente', NULL, NULL),
	(189, '#NRM27', 'ZONA NORMAL', NULL, 4, 'Ausente', NULL, NULL),
	(190, '#NRM28', 'ZONA NORMAL', NULL, 4, 'Ausente', NULL, NULL),
	(191, '#NRM29', 'ZONA NORMAL', NULL, 4, 'Ausente', NULL, NULL),
	(192, '#NRM30', 'ZONA NORMAL', NULL, 4, 'Ausente', NULL, NULL),
	(193, '#NRM31', 'ZONA NORMAL', NULL, 4, 'Ausente', NULL, NULL),
	(194, '#NRM32', 'ZONA NORMAL', NULL, 4, 'Ausente', NULL, NULL),
	(195, '#NRM33', 'ZONA NORMAL', NULL, 4, 'Ausente', NULL, NULL),
	(196, '#NRM34', 'ZONA NORMAL', NULL, 4, 'Ausente', NULL, NULL),
	(197, '#NRM35', 'ZONA NORMAL', NULL, 4, 'Ausente', NULL, NULL),
	(198, '#NRM36', 'ZONA NORMAL', NULL, 4, 'Ausente', NULL, NULL),
	(199, '#NRM37', 'ZONA NORMAL', NULL, 4, 'Ausente', NULL, NULL),
	(200, '#NRM38', 'ZONA NORMAL', NULL, 4, 'Ausente', NULL, NULL),
	(201, '#NRM39', 'ZONA NORMAL', NULL, 4, 'Ausente', NULL, NULL),
	(202, '#NRM40', 'ZONA NORMAL', NULL, 4, 'Ausente', NULL, NULL),
	(203, '#NRM41', 'ZONA NORMAL', NULL, 4, 'Ausente', NULL, NULL),
	(204, '#NRM42', 'ZONA NORMAL', NULL, 4, 'Ausente', NULL, NULL),
	(205, '#NRM43', 'ZONA NORMAL', NULL, 4, 'Ausente', NULL, NULL),
	(206, '#NRM44', 'ZONA NORMAL', NULL, 4, 'Ausente', NULL, NULL),
	(207, '#NRM45', 'ZONA NORMAL', NULL, 4, 'Ausente', NULL, NULL),
	(208, '#NRM46', 'ZONA NORMAL', NULL, 4, 'Ausente', NULL, NULL),
	(209, '#NRM47', 'ZONA NORMAL', NULL, 4, 'Ausente', NULL, NULL),
	(210, '#NRM48', 'ZONA NORMAL', NULL, 4, 'Ausente', NULL, NULL),
	(211, '#NRM49', 'ZONA NORMAL', NULL, 4, 'Ausente', NULL, NULL),
	(212, '#NRM50', 'ZONA NORMAL', NULL, 4, 'Ausente', NULL, NULL),
	(138, '#VP1', 'ZONA VIP', NULL, 4, 'Ausente', NULL, NULL),
	(139, '#VP2', 'ZONA VIP', NULL, 4, 'Ausente', NULL, NULL),
	(140, '#VP3', 'ZONA VIP', NULL, 4, 'Ausente', NULL, NULL),
	(141, '#VP4', 'ZONA VIP', NULL, 4, 'Ausente', NULL, NULL),
	(142, '#VP5', 'ZONA VIP', NULL, 4, 'Ausente', NULL, NULL),
	(143, '#VP6', 'ZONA VIP', NULL, 4, 'Ausente', NULL, NULL),
	(144, '#VP7', 'ZONA VIP', NULL, 4, 'Ausente', NULL, NULL),
	(145, '#VP8', 'ZONA VIP', NULL, 4, 'Ausente', NULL, NULL),
	(146, '#VP9', 'ZONA VIP', NULL, 4, 'Ausente', NULL, NULL),
	(147, '#VP10', 'ZONA VIP', NULL, 4, 'Ausente', NULL, NULL),
	(158, '#VP11', 'ZONA VIP', NULL, 4, 'Ausente', NULL, NULL),
	(159, '#VP12', 'ZONA VIP', NULL, 4, 'Ausente', NULL, NULL),
	(160, '#VP13', 'ZONA VIP', NULL, 4, 'Ausente', NULL, NULL),
	(161, '#VP14', 'ZONA VIP', NULL, 4, 'Ausente', NULL, NULL),
	(162, '#VP15', 'ZONA VIP', NULL, 4, 'Ausente', NULL, NULL),
	(163, '#VP16', 'ZONA VIP', NULL, 4, 'Ausente', NULL, NULL),
	(164, '#VP17', 'ZONA VIP', NULL, 4, 'Ausente', NULL, NULL),
	(165, '#VP18', 'ZONA VIP', NULL, 4, 'Ausente', NULL, NULL),
	(166, '#VP19', 'ZONA VIP', NULL, 4, 'Ausente', NULL, NULL),
	(167, '#VP20', 'ZONA VIP', NULL, 4, 'Ausente', NULL, NULL),
	(168, '#VP21', 'ZONA VIP', NULL, 4, 'Ausente', NULL, NULL),
	(169, '#VP22', 'ZONA VIP', NULL, 4, 'Ausente', NULL, NULL),
	(170, '#VP23', 'ZONA VIP', NULL, 4, 'Ausente', NULL, NULL),
	(171, '#VP24', 'ZONA VIP', NULL, 4, 'Ausente', NULL, NULL),
	(172, '#VP25', 'ZONA VIP', NULL, 4, 'Ausente', NULL, NULL),
	(213, 'Albino da Conceição José', 'GERAL', NULL, 5, 'Ausente', NULL, NULL),
	(214, 'António Domingos', 'GERAL', NULL, 5, 'Ausente', NULL, NULL),
	(215, 'António Gaspar Cosme', 'GERAL', NULL, 5, 'Ausente', NULL, NULL),
	(216, 'António João Kady', 'GERAL', NULL, 5, 'Ausente', NULL, NULL),
	(217, 'António Manuel Fiel “Didi”', 'GERAL', NULL, 5, 'Ausente', NULL, NULL),
	(218, 'António Sebastião Lino', 'GERAL', NULL, 5, 'Ausente', NULL, NULL),
	(220, 'António Tomas Ana', 'GERAL', NULL, 5, 'Ausente', NULL, NULL),
	(221, 'Arlindo João Carlos Isabel', 'GERAL', NULL, 5, 'Ausente', NULL, NULL),
	(222, 'Arnaldo de Jesus Simões', 'GERAL', NULL, 5, 'Ausente', NULL, NULL),
	(223, 'Célsio do Rosário M. de Carvalho', 'GERAL', NULL, 5, 'Ausente', NULL, NULL),
	(224, 'Diogo Jorge de Jesus', 'GERAL', NULL, 5, 'Ausente', NULL, NULL),
	(225, 'Ermelindo S. G Pereira', 'GERAL', NULL, 5, 'Ausente', NULL, NULL),
	(226, 'Euclides Joaquim Faria da Costa', 'GERAL', NULL, 5, 'Ausente', NULL, NULL),
	(227, 'Eurico Joaquim S. F. Bento', 'GERAL', NULL, 5, 'Ausente', NULL, NULL),
	(228, 'Evalina Bundo W. Sapilinha', 'GERAL', NULL, 5, 'Ausente', NULL, NULL),
	(229, 'Fernando Francisco João', 'GERAL', NULL, 5, 'Ausente', NULL, NULL),
	(230, 'Fernando Nelson F. Cardoso', 'GERAL', NULL, 5, 'Ausente', NULL, NULL),
	(231, 'Hélder J. G. Adão', 'GERAL', NULL, 5, 'Ausente', NULL, NULL),
	(232, 'Hélder M. J. do Nascimento Balsa', 'GERAL', NULL, 5, 'Ausente', NULL, NULL),
	(233, 'José Nepomuceno M. de Andrade', 'GERAL', NULL, 5, 'Ausente', NULL, NULL),
	(234, 'José Octávio Serra Van-dúnem', 'GERAL', NULL, 5, 'Ausente', NULL, NULL),
	(235, 'Kinixe Filipe Cassombe', 'GERAL', NULL, 5, 'Ausente', NULL, NULL),
	(236, 'Leonel da Rocha Pinto', 'GERAL', NULL, 5, 'Ausente', NULL, NULL),
	(237, 'Lourenço Luís Domingos', 'GERAL', NULL, 5, 'Ausente', NULL, NULL),
	(238, 'Maria Antónia Nelumba', 'GERAL', NULL, 5, 'Ausente', NULL, NULL),
	(239, 'Mariana D. F. Cunha', 'GERAL', NULL, 5, 'Ausente', NULL, NULL),
	(240, 'Mateus António da Costa', 'GERAL', NULL, 5, 'Ausente', NULL, NULL),
	(241, 'Miguel Silva de Almeida', 'GERAL', NULL, 5, 'Ausente', NULL, NULL),
	(242, 'Milca Cuessue Caquece', 'GERAL', NULL, 5, 'Ausente', NULL, NULL),
	(243, 'Narciso Damásio Benedito', 'GERAL', NULL, 5, 'Ausente', NULL, NULL),
	(244, 'Naulila Masisa Fernandes André', 'GERAL', NULL, 5, 'Ausente', NULL, NULL),
	(245, 'Noivito Agostinho Pedro', 'GERAL', NULL, 5, 'Ausente', NULL, NULL),
	(246, 'Rosa Severiano Coelho', 'GERAL', NULL, 5, 'Ausente', NULL, NULL),
	(247, 'Vicente Francisco Soares', 'GERAL', NULL, 5, 'Ausente', NULL, NULL),
	(248, 'Victor Nataniel de Oliveira Narciso', 'GERAL', NULL, 5, 'Ausente', NULL, NULL),
	(249, 'Bento Joaquim S. F. Bento', 'GERAL', NULL, 5, 'Ausente', NULL, NULL),
	(250, 'Nelson Lopes Funete', 'GERAL', NULL, 5, 'Ausente', NULL, NULL),
	(251, 'Nhanga Kalunga H. F. de Assunção', 'GERAL', NULL, 5, 'Ausente', NULL, NULL),
	(252, 'Pedro Viliana Manuel', 'GERAL', NULL, 5, 'Ausente', NULL, NULL),
	(253, 'Cláudia Jacira Gomes', 'GERAL', NULL, 5, 'Ausente', NULL, NULL),
	(254, 'Djamilia B.  F. dos Santos', 'GERAL', NULL, 5, 'Ausente', NULL, NULL),
	(255, 'Ana Paula P. Rodrigues', 'GERAL', NULL, 5, 'Ausente', NULL, NULL),
	(256, 'Bento dos Santos “Kangamba”', 'GERAL', NULL, 5, 'Ausente', NULL, NULL),
	(257, 'Luzia Pedro C. Policarpo', 'GERAL', NULL, 5, 'Ausente', NULL, NULL),
	(258, 'Maria Catarina Beua', 'GERAL', NULL, 5, 'Ausente', NULL, NULL),
	(259, 'Ana Maria Cordeiro Alves', 'GERAL', NULL, 5, 'Ausente', NULL, NULL);
/*!40000 ALTER TABLE `convidadoapi` ENABLE KEYS */;

-- Copiando estrutura para tabela gestevento.evento
CREATE TABLE IF NOT EXISTS `evento` (
  `id` int(10) unsigned NOT NULL AUTO_INCREMENT,
  `tipo` varchar(191) COLLATE utf8mb4_unicode_ci NOT NULL,
  `modalidade` int(1) NOT NULL,
  `entidade` varchar(191) COLLATE utf8mb4_unicode_ci NOT NULL,
  `local` varchar(191) COLLATE utf8mb4_unicode_ci NOT NULL,
  `data` date NOT NULL,
  `hora` time NOT NULL,
  `created_at` timestamp NULL DEFAULT NULL,
  `updated_at` timestamp NULL DEFAULT NULL,
  PRIMARY KEY (`id`)
) ENGINE=InnoDB AUTO_INCREMENT=6 DEFAULT CHARSET=utf8mb4 COLLATE=utf8mb4_unicode_ci;

-- Copiando dados para a tabela gestevento.evento: ~1 rows (aproximadamente)
/*!40000 ALTER TABLE `evento` DISABLE KEYS */;
INSERT INTO `evento` (`id`, `tipo`, `modalidade`, `entidade`, `local`, `data`, `hora`, `created_at`, `updated_at`) VALUES
	(1, 'Casamento', 1, 'Wawingi & Juliana', 'Camama', '2021-04-04', '16:00:00', NULL, '2021-04-04 09:29:13'),
	(2, 'Casamento', 1, 'António & Carla', 'Salão Jó felicidade', '2021-04-23', '18:00:00', NULL, NULL),
	(3, 'Outro', 2, 'Trovoada Team', 'Cidadela Desportiva', '2021-05-21', '16:00:00', NULL, NULL),
	(4, 'Outro', 1, 'Trovoada Team', 'Kilamba - Bloco W', '2021-09-11', '17:00:00', NULL, NULL),
	(5, 'Outro', 1, 'COMITÊ PROVINCIAL DE LUANDA', 'CPL-Auditório', '2021-10-18', '09:00:00', NULL, NULL);
/*!40000 ALTER TABLE `evento` ENABLE KEYS */;

-- Copiando estrutura para tabela gestevento.migrations
CREATE TABLE IF NOT EXISTS `migrations` (
  `id` int(10) unsigned NOT NULL AUTO_INCREMENT,
  `migration` varchar(191) COLLATE utf8mb4_unicode_ci NOT NULL,
  `batch` int(11) NOT NULL,
  PRIMARY KEY (`id`)
) ENGINE=InnoDB AUTO_INCREMENT=13 DEFAULT CHARSET=utf8mb4 COLLATE=utf8mb4_unicode_ci;

-- Copiando dados para a tabela gestevento.migrations: ~10 rows (aproximadamente)
/*!40000 ALTER TABLE `migrations` DISABLE KEYS */;
INSERT INTO `migrations` (`id`, `migration`, `batch`) VALUES
	(1, '2014_10_12_000000_create_users_table', 1),
	(2, '2014_10_12_100000_create_password_resets_table', 1),
	(3, '2019_05_14_134746_create_evento_table', 1),
	(4, '2019_08_05_160305_create_evento_assento', 1),
	(5, '2019_08_09_135347_create_evento_convidado', 2),
	(6, '2019_08_09_140846_create_convidado', 3),
	(7, '2019_08_09_142316_create_convidado', 4),
	(8, '2019_08_09_145350_create_acompanhante', 5),
	(9, '2019_11_19_205803_create_convidadoapi_table', 6),
	(12, '2020_08_20_111713_create_consumo_table', 7);
/*!40000 ALTER TABLE `migrations` ENABLE KEYS */;

-- Copiando estrutura para tabela gestevento.password_resets
CREATE TABLE IF NOT EXISTS `password_resets` (
  `email` varchar(191) COLLATE utf8mb4_unicode_ci NOT NULL,
  `token` varchar(191) COLLATE utf8mb4_unicode_ci NOT NULL,
  `created_at` timestamp NULL DEFAULT NULL,
  KEY `password_resets_email_index` (`email`)
) ENGINE=InnoDB DEFAULT CHARSET=utf8mb4 COLLATE=utf8mb4_unicode_ci;

-- Copiando dados para a tabela gestevento.password_resets: ~0 rows (aproximadamente)
/*!40000 ALTER TABLE `password_resets` DISABLE KEYS */;
/*!40000 ALTER TABLE `password_resets` ENABLE KEYS */;

-- Copiando estrutura para tabela gestevento.users
CREATE TABLE IF NOT EXISTS `users` (
  `id` int(10) unsigned NOT NULL AUTO_INCREMENT,
  `name` varchar(191) COLLATE utf8mb4_unicode_ci NOT NULL,
  `email` varchar(191) COLLATE utf8mb4_unicode_ci NOT NULL,
  `tipo` int(11) NOT NULL,
  `password` varchar(191) COLLATE utf8mb4_unicode_ci NOT NULL,
  `email_verified_at` timestamp NULL DEFAULT NULL,
  `remember_token` varchar(100) COLLATE utf8mb4_unicode_ci DEFAULT NULL,
  `created_at` timestamp NULL DEFAULT NULL,
  `updated_at` timestamp NULL DEFAULT NULL,
  PRIMARY KEY (`id`),
  UNIQUE KEY `users_email_unique` (`email`)
) ENGINE=InnoDB AUTO_INCREMENT=8 DEFAULT CHARSET=utf8mb4 COLLATE=utf8mb4_unicode_ci;

-- Copiando dados para a tabela gestevento.users: ~4 rows (aproximadamente)
/*!40000 ALTER TABLE `users` DISABLE KEYS */;
INSERT INTO `users` (`id`, `name`, `email`, `tipo`, `password`, `email_verified_at`, `remember_token`, `created_at`, `updated_at`) VALUES
	(1, 'Wawingi Antonio', 'wsa@gmail.com', 1, '$2y$10$XpNQefi7MxXb4v.blp.f7.Tc5xP9CGoo5hEaiLEfLoSWYkCEj48BK', NULL, 'hvjxEYpyWKBvwIYide1NriPudZwPBpDMOAxlv3ImPDEu2T7eQoo6FrchnuSi', '2019-08-29 19:46:01', '2019-08-29 19:46:01'),
	(2, 'Dalton Cabeia', 'daltoncabeia@gmail.com', 1, '$2y$10$lHCwDFG6A8dCv/0isvPmneQhSBDGb1C5OK.60Jzsljp3CdILdL5CO', '2019-09-24 04:00:00', '0zpAYpmiQNxrikJpvUIoWV5GeOls1v0a4Sp6sAs93RwuoZkDo70SFpMxxY11', '2019-09-24 04:00:00', '2019-09-24 04:00:00'),
	(3, 'Eunice Gastão', 'eunicegastao@gmail.com', 1, '$2y$10$GGNTpMbkmYuR.SNg1x090eAGBHO1vEmqCzKjn8qF3VEm1SoVXiN9K', NULL, 'HKOIkwlG7P1mmgZrR5kWeEbivQuYT6GJURvKkRpZibhj0OCMmB1LK1ZhQUed', '2020-07-17 17:51:59', '2020-07-17 17:51:59'),
	(7, 'Sediamuana Congolo', 'sediamuana@gmail.com', 2, '$2y$10$qdWcB2XxSoFabV986l4hWOcl08iWHyQRQoOdwGx6lH5a5hz5lYRRe', NULL, NULL, '2020-07-17 18:43:25', '2020-07-17 18:43:25');
/*!40000 ALTER TABLE `users` ENABLE KEYS */;

/*!40101 SET SQL_MODE=IFNULL(@OLD_SQL_MODE, '') */;
/*!40014 SET FOREIGN_KEY_CHECKS=IF(@OLD_FOREIGN_KEY_CHECKS IS NULL, 1, @OLD_FOREIGN_KEY_CHECKS) */;
/*!40101 SET CHARACTER_SET_CLIENT=@OLD_CHARACTER_SET_CLIENT */;
